172.16.1.126,id_ab2dc88d,eth0,id_ab2dc88d_nic_eth0
10.0.0.5,id_80d3e154,eth1,id_80d3e154_nic_eth1
172.16.1.102,id_217a965c,eth0,id_217a965c_nic_eth0
172.16.1.198,id_80d3e154,eth0,id_80d3e154_nic_eth0
172.16.1.156,id_ca86045b,eth0,id_ca86045b_nic_eth0
172.16.1.186,id_18348163,eth0,id_18348163_nic_eth0
192.168.18.128,id_564deac3,eth1,id_564deac3_nic_eth1
10.0.0.7,id_ab2dc88d,eth1,id_ab2dc88d_nic_eth1
10.0.0.3,id_217a965c,eth1,id_217a965c_nic_eth1
192.168.36.128,id_564deac3,eth1,id_564deac3_nic_eth1
10.0.0.2,id_564deac3,eth0,id_564deac3_nic_eth0
172.16.1.233,id_564deac3,eth2,id_564deac3_nic_eth2
10.0.0.8,id_ca86045b,eth1,id_ca86045b_nic_eth1
10.0.0.6,id_ec4f352c,eth1,id_ec4f352c_nic_eth1
172.16.1.128,id_ec4f352c,eth0,id_ec4f352c_nic_eth0
10.0.0.4,id_18348163,eth1,id_18348163_nic_eth1
